{"0":{"CharlesSchwab":0.0327380952,"Fidelity":0.0218687873,"JPMorgan":0.083,"MerrillLynch":0.0357497517,"MorganStanley":0.0623115578,"UBS":0.0682382134},"1":{"CharlesSchwab":0.003968254,"Fidelity":0.0049701789,"JPMorgan":0.005,"MerrillLynch":0.0009930487,"MorganStanley":0.0,"UBS":0.223325062},"10":{"CharlesSchwab":0.0674603175,"Fidelity":0.013916501,"JPMorgan":0.11,"MerrillLynch":0.0238331678,"MorganStanley":0.0100502513,"UBS":0.0732009926},"11":{"CharlesSchwab":0.0,"Fidelity":0.0,"JPMorgan":0.0,"MerrillLynch":0.0,"MorganStanley":0.1537688442,"UBS":0.0},"12":{"CharlesSchwab":0.0634920635,"Fidelity":0.0298210736,"JPMorgan":0.061,"MerrillLynch":0.1588877855,"MorganStanley":0.008040201,"UBS":0.0012406948},"13":{"CharlesSchwab":0.0158730159,"Fidelity":0.1003976143,"JPMorgan":0.068,"MerrillLynch":0.0248262165,"MorganStanley":0.0381909548,"UBS":0.0632754342},"14":{"CharlesSchwab":0.191468254,"Fidelity":0.0407554672,"JPMorgan":0.048,"MerrillLynch":0.043694141,"MorganStanley":0.0351758794,"UBS":0.0074441687},"15":{"CharlesSchwab":0.0327380952,"Fidelity":0.3300198807,"JPMorgan":0.043,"MerrillLynch":0.0595829196,"MorganStanley":0.0030150754,"UBS":0.0806451613},"16":{"CharlesSchwab":0.1140873016,"Fidelity":0.0059642147,"JPMorgan":0.039,"MerrillLynch":0.0228401192,"MorganStanley":0.0090452261,"UBS":0.0446650124},"17":{"CharlesSchwab":0.0188492063,"Fidelity":0.0904572565,"JPMorgan":0.037,"MerrillLynch":0.0168818272,"MorganStanley":0.0030150754,"UBS":0.1625310174},"18":{"CharlesSchwab":0.0555555556,"Fidelity":0.0656063618,"JPMorgan":0.113,"MerrillLynch":0.0585898709,"MorganStanley":0.0341708543,"UBS":0.047146402},"19":{"CharlesSchwab":0.0267857143,"Fidelity":0.0934393638,"JPMorgan":0.157,"MerrillLynch":0.0287984111,"MorganStanley":0.016080402,"UBS":0.070719603},"2":{"CharlesSchwab":0.1458333333,"Fidelity":0.0447316103,"JPMorgan":0.075,"MerrillLynch":0.1658391261,"MorganStanley":0.0140703518,"UBS":0.017369727},"3":{"CharlesSchwab":0.0109126984,"Fidelity":0.0407554672,"JPMorgan":0.081,"MerrillLynch":0.0148957299,"MorganStanley":0.016080402,"UBS":0.0570719603},"4":{"CharlesSchwab":0.0228174603,"Fidelity":0.0298210736,"JPMorgan":0.04,"MerrillLynch":0.2800397219,"MorganStanley":0.0120603015,"UBS":0.0074441687},"5":{"CharlesSchwab":0.0555555556,"Fidelity":0.0357852883,"JPMorgan":0.018,"MerrillLynch":0.0168818272,"MorganStanley":0.1788944724,"UBS":0.0074441687},"6":{"CharlesSchwab":0.0009920635,"Fidelity":0.0,"JPMorgan":0.002,"MerrillLynch":0.0009930487,"MorganStanley":0.3216080402,"UBS":0.0024813896},"7":{"CharlesSchwab":0.1200396825,"Fidelity":0.0019880716,"JPMorgan":0.003,"MerrillLynch":0.0079443893,"MorganStanley":0.0,"UBS":0.0136476427},"8":{"CharlesSchwab":0.0168650794,"Fidelity":0.0487077535,"JPMorgan":0.016,"MerrillLynch":0.0387288977,"MorganStanley":0.0844221106,"UBS":0.0086848635},"9":{"CharlesSchwab":0.003968254,"Fidelity":0.0009940358,"JPMorgan":0.001,"MerrillLynch":0.0,"MorganStanley":0.0,"UBS":0.0434243176}}